Security Domain,Category,Total Prompts,% of Domain,% of All Prompts,Security Score %,Secure,Vulnerable,Refused
Authentication & Identity,Oauth Security,50,21.7%,1.3%,48.0%,24,26,0
Authentication & Identity,Saml Security,30,13.0%,0.8%,70.0%,21,9,0
Authentication & Identity,Oidc Security,20,8.7%,0.5%,40.0%,8,12,0
Authentication & Identity,Mfa Bypass,20,8.7%,0.5%,55.0%,11,9,0
Authentication & Identity,Oauth Authorization Code,5,2.2%,0.1%,20.0%,1,4,0
Authentication & Identity,Oauth Pkce Missing,5,2.2%,0.1%,60.0%,3,2,0
Authentication & Identity,Oauth State Parameter,5,2.2%,0.1%,20.0%,1,4,0
Authentication & Identity,Oauth Token Leakage,5,2.2%,0.1%,40.0%,2,3,0
Authentication & Identity,Oauth Client Secret,5,2.2%,0.1%,40.0%,2,3,0
Authentication & Identity,Oauth Scope Validation,5,2.2%,0.1%,40.0%,2,3,0
Authentication & Identity,Oauth Token Storage,5,2.2%,0.1%,100.0%,5,0,0
Authentication & Identity,Oauth Redirect Validation,5,2.2%,0.1%,80.0%,4,1,0
Authentication & Identity,Oauth Token Validation,5,2.2%,0.1%,80.0%,4,1,0
Authentication & Identity,Saml Signature Wrapping,5,2.2%,0.1%,100.0%,5,0,0
Authentication & Identity,Saml Assertion Replay,5,2.2%,0.1%,80.0%,4,1,0
Authentication & Identity,Saml Weak Encryption,5,2.2%,0.1%,100.0%,5,0,0
Authentication & Identity,Saml Xml Injection,5,2.2%,0.1%,20.0%,1,4,0
Authentication & Identity,Saml Signature Validation,5,2.2%,0.1%,80.0%,4,1,0
Authentication & Identity,Saml Timestamp Validation,5,2.2%,0.1%,40.0%,2,3,0
Authentication & Identity,Oidc Id Token Validation,5,2.2%,0.1%,20.0%,1,4,0
Authentication & Identity,Oidc Nonce Validation,5,2.2%,0.1%,0.0%,0,5,0
Authentication & Identity,Oidc Token Endpoint,5,2.2%,0.1%,80.0%,4,1,0
Authentication & Identity,Oidc State Parameter,5,2.2%,0.1%,100.0%,5,0,0
Authentication & Identity,Weak Mfa Sms,5,2.2%,0.1%,60.0%,3,2,0
Authentication & Identity,Totp Weak Validation,5,2.2%,0.1%,40.0%,2,3,0
Authentication & Identity,Mfa Backup Codes,5,2.2%,0.1%,100.0%,5,0,0
Cloud Infrastructure & Edge,Edge Computing Security,80,39.0%,2.0%,88.0%,66,9,5
Cloud Infrastructure & Edge,Cloud Iam Misconfiguration,70,34.1%,1.8%,76.9%,50,15,5
Cloud Infrastructure & Edge,Cloud Monitoring,30,14.6%,0.8%,53.3%,16,14,0
Cloud Infrastructure & Edge,Cloud Secrets Management,25,12.2%,0.6%,80.0%,8,2,15
API & Communication Protocols,Graphql Security,50,30.3%,1.3%,38.0%,19,31,0
API & Communication Protocols,Grpc Security,40,24.2%,1.0%,82.5%,33,7,0
API & Communication Protocols,Grpc No Tls,5,3.0%,0.1%,20.0%,1,4,0
API & Communication Protocols,Grpc No Auth,5,3.0%,0.1%,100.0%,5,0,0
API & Communication Protocols,Grpc Metadata Injection,5,3.0%,0.1%,80.0%,4,1,0
API & Communication Protocols,Grpc Reflection Enabled,5,3.0%,0.1%,100.0%,5,0,0
API & Communication Protocols,Grpc Dos Large Messages,5,3.0%,0.1%,60.0%,3,2,0
API & Communication Protocols,Grpc Error Disclosure,5,3.0%,0.1%,40.0%,2,3,0
API & Communication Protocols,Insecure Websocket,5,3.0%,0.1%,20.0%,1,4,0
API & Communication Protocols,Soap Signature Wrapping,5,3.0%,0.1%,60.0%,3,2,0
API & Communication Protocols,Soap Timestamp Manipulation,5,3.0%,0.1%,40.0%,2,3,0
API & Communication Protocols,Soap Weak Encryption,5,3.0%,0.1%,60.0%,3,2,0
API & Communication Protocols,Soap Xml Injection,5,3.0%,0.1%,40.0%,2,3,0
API & Communication Protocols,Soap Parameter Tampering,5,3.0%,0.1%,40.0%,2,3,0
API & Communication Protocols,Soap Action Spoofing,5,3.0%,0.1%,40.0%,2,3,0
API & Communication Protocols,Xml Bomb,5,3.0%,0.1%,40.0%,2,3,0
API & Communication Protocols,Wsdl Information Disclosure,5,3.0%,0.1%,60.0%,3,2,0
Cryptography (Extended),Insecure Crypto,160,100.0%,4.0%,80.0%,128,32,0
Database & Data Stores,Cloud Database Security,30,24.0%,0.8%,60.0%,9,6,15
Database & Data Stores,Redis No Auth,5,4.0%,0.1%,40.0%,2,3,0
Database & Data Stores,Redis Command Injection,5,4.0%,0.1%,80.0%,4,1,0
Database & Data Stores,Redis Dangerous Commands,5,4.0%,0.1%,100.0%,5,0,0
Database & Data Stores,Redis Unencrypted Connection,5,4.0%,0.1%,20.0%,1,4,0
Database & Data Stores,Redis Exposed Port,5,4.0%,0.1%,80.0%,4,1,0
Database & Data Stores,Elasticsearch No Auth,5,4.0%,0.1%,40.0%,2,3,0
Database & Data Stores,Elasticsearch Script Injection,5,4.0%,0.1%,40.0%,2,3,0
Database & Data Stores,Elasticsearch Exposed Apis,5,4.0%,0.1%,80.0%,4,1,0
Database & Data Stores,Elasticsearch Unencrypted,5,4.0%,0.1%,100.0%,5,0,0
Database & Data Stores,Postgres Weak Auth,5,4.0%,0.1%,60.0%,3,2,0
Database & Data Stores,Postgres Sql Injection,5,4.0%,0.1%,0.0%,0,5,0
Database & Data Stores,Postgres Superuser App,5,4.0%,0.1%,60.0%,3,2,0
Database & Data Stores,Postgres Unencrypted,5,4.0%,0.1%,60.0%,3,2,0
Database & Data Stores,Mongodb No Auth,5,4.0%,0.1%,40.0%,2,3,0
Database & Data Stores,Mongodb Nosql Injection,5,4.0%,0.1%,80.0%,4,1,0
Database & Data Stores,Mongodb Exposed Port,5,4.0%,0.1%,80.0%,4,1,0
Database & Data Stores,Mongodb Javascript Enabled,5,4.0%,0.1%,40.0%,2,3,0
Database & Data Stores,Memcached No Auth,5,4.0%,0.1%,20.0%,1,4,0
Database & Data Stores,Memcached Exposed Port,5,4.0%,0.1%,100.0%,5,0,0
Observability & Monitoring,Information Disclosure,30,25.0%,0.8%,83.3%,5,1,24
Observability & Monitoring,Log Injection,15,12.5%,0.4%,73.3%,11,4,0
Observability & Monitoring,Metrics Cardinality Explosion,10,8.3%,0.3%,20.0%,2,8,0
Observability & Monitoring,Monitoring Misconfiguration,10,8.3%,0.3%,90.0%,9,1,0
Observability & Monitoring,Logging Security,5,4.2%,0.1%,20.0%,1,4,0
Observability & Monitoring,Sensitive Data In Logs,5,4.2%,0.1%,40.0%,2,3,0
Observability & Monitoring,Insufficient Logging,5,4.2%,0.1%,80.0%,4,1,0
Observability & Monitoring,Log Storage Insecure,5,4.2%,0.1%,80.0%,4,1,0
Observability & Monitoring,Insecure Log Storage,5,4.2%,0.1%,80.0%,4,1,0
Observability & Monitoring,Prometheus Metrics Exposed,5,4.2%,0.1%,20.0%,1,4,0
Observability & Monitoring,Grafana Weak Auth,5,4.2%,0.1%,80.0%,4,1,0
Observability & Monitoring,Elasticsearch Logs Exposed,5,4.2%,0.1%,100.0%,5,0,0
Observability & Monitoring,Apm Data Exposure,5,4.2%,0.1%,80.0%,4,1,0
Observability & Monitoring,Metrics Exposure,5,4.2%,0.1%,100.0%,5,0,0
Observability & Monitoring,Sensitive Metrics,5,4.2%,0.1%,40.0%,2,3,0
Service Mesh & Microservices,Service Mesh Security,35,30.4%,0.9%,91.4%,32,3,0
Service Mesh & Microservices,Istio Permissive Mtls,5,4.3%,0.1%,100.0%,5,0,0
Service Mesh & Microservices,Istio Authz Bypass,5,4.3%,0.1%,60.0%,3,2,0
Service Mesh & Microservices,Istio Sidecar Injection Disabled,5,4.3%,0.1%,100.0%,5,0,0
Service Mesh & Microservices,Istio Jwt Validation Weak,5,4.3%,0.1%,80.0%,4,1,0
Service Mesh & Microservices,Istio Egress Unrestricted,5,4.3%,0.1%,100.0%,5,0,0
Service Mesh & Microservices,Linkerd No Mtls,5,4.3%,0.1%,100.0%,5,0,0
Service Mesh & Microservices,Linkerd Authz Missing,5,4.3%,0.1%,100.0%,5,0,0
Service Mesh & Microservices,Linkerd Policy Default Allow,5,4.3%,0.1%,100.0%,5,0,0
Service Mesh & Microservices,Kong No Auth,5,4.3%,0.1%,40.0%,2,3,0
Service Mesh & Microservices,Kong Rate Limit Disabled,5,4.3%,0.1%,60.0%,3,2,0
Service Mesh & Microservices,Kong Plugin Misconfiguration,5,4.3%,0.1%,20.0%,1,4,0
Service Mesh & Microservices,Kong Admin Api Exposed,5,4.3%,0.1%,80.0%,4,1,0
Service Mesh & Microservices,Envoy Admin Interface Exposed,5,4.3%,0.1%,20.0%,1,4,0
Service Mesh & Microservices,Envoy No Tls,5,4.3%,0.1%,60.0%,3,2,0
Service Mesh & Microservices,Envoy Authz Filter Missing,5,4.3%,0.1%,60.0%,3,2,0
Service Mesh & Microservices,Envoy Header Manipulation,5,4.3%,0.1%,80.0%,4,1,0
Message Queue & Event Streaming,Message Queue Security,60,52.2%,1.5%,85.0%,51,9,0
Message Queue & Event Streaming,Rabbitmq No Auth,5,4.3%,0.1%,60.0%,3,2,0
Message Queue & Event Streaming,Rabbitmq Message Injection,5,4.3%,0.1%,80.0%,4,1,0
Message Queue & Event Streaming,Rabbitmq Management Exposed,5,4.3%,0.1%,80.0%,4,1,0
Message Queue & Event Streaming,Rabbitmq Vhost Isolation,5,4.3%,0.1%,20.0%,1,4,0
Message Queue & Event Streaming,Kafka No Auth,5,4.3%,0.1%,80.0%,4,1,0
Message Queue & Event Streaming,Kafka Message Injection,5,4.3%,0.1%,60.0%,3,2,0
Message Queue & Event Streaming,Kafka Topic Authorization,5,4.3%,0.1%,60.0%,3,2,0
Message Queue & Event Streaming,Kafka Admin Exposed,5,4.3%,0.1%,80.0%,4,1,0
Message Queue & Event Streaming,Sqs Policy Too Permissive,5,4.3%,0.1%,100.0%,5,0,0
Message Queue & Event Streaming,Sns Topic Open Subscription,5,4.3%,0.1%,40.0%,2,3,0
Message Queue & Event Streaming,Sqs Message Injection,5,4.3%,0.1%,60.0%,3,2,0
Blockchain & Web3,Smart Contract Reentrancy,5,6.2%,0.1%,100.0%,5,0,0
Blockchain & Web3,Smart Contract Integer Overflow,5,6.2%,0.1%,80.0%,4,1,0
Blockchain & Web3,Smart Contract Access Control,5,6.2%,0.1%,100.0%,5,0,0
Blockchain & Web3,Smart Contract Delegatecall,5,6.2%,0.1%,100.0%,5,0,0
Blockchain & Web3,Smart Contract Randomness,5,6.2%,0.1%,100.0%,5,0,0
Blockchain & Web3,Smart Contract Dos,5,6.2%,0.1%,100.0%,5,0,0
Blockchain & Web3,Wallet Private Key Exposure,5,6.2%,0.1%,100.0%,5,0,0
Blockchain & Web3,Wallet Signature Verification,5,6.2%,0.1%,80.0%,4,1,0
Blockchain & Web3,Wallet Transaction Signing,5,6.2%,0.1%,80.0%,4,1,0
Blockchain & Web3,Defi Price Oracle Manipulation,5,6.2%,0.1%,100.0%,5,0,0
Blockchain & Web3,Defi Flash Loan Attack,5,6.2%,0.1%,100.0%,5,0,0
Blockchain & Web3,Defi Front Running,5,6.2%,0.1%,100.0%,5,0,0
Blockchain & Web3,Defi Approval Abuse,5,6.2%,0.1%,100.0%,5,0,0
Blockchain & Web3,Nft Metadata Manipulation,5,6.2%,0.1%,100.0%,5,0,0
Blockchain & Web3,Nft Access Control,5,6.2%,0.1%,100.0%,5,0,0
Blockchain & Web3,Nft Royalty Bypass,5,6.2%,0.1%,100.0%,5,0,0
Machine Learning & AI,Ml Data Poisoning,5,8.3%,0.1%,60.0%,3,2,0
Machine Learning & AI,Ml Model Backdoor,5,8.3%,0.1%,80.0%,4,1,0
Machine Learning & AI,Ml Label Flipping,5,8.3%,0.1%,20.0%,1,4,0
Machine Learning & AI,Ml Adversarial Examples,5,8.3%,0.1%,20.0%,1,4,0
Machine Learning & AI,Ml Evasion Attack,5,8.3%,0.1%,40.0%,2,3,0
Machine Learning & AI,Ml Model Inversion,5,8.3%,0.1%,20.0%,1,4,0
Machine Learning & AI,Llm Prompt Injection,5,8.3%,0.1%,80.0%,4,1,0
Machine Learning & AI,Llm Jailbreak,5,8.3%,0.1%,80.0%,4,1,0
Machine Learning & AI,Llm Data Leakage,5,8.3%,0.1%,60.0%,3,2,0
Machine Learning & AI,Ml Model Theft,5,8.3%,0.1%,20.0%,1,4,0
Machine Learning & AI,Ml Unsafe Deserialization,5,8.3%,0.1%,40.0%,2,3,0
Machine Learning & AI,Ml Model Poisoning Runtime,5,8.3%,0.1%,40.0%,2,3,0
Supply Chain & Dependencies,Dependency Confusion,20,33.3%,0.5%,70.0%,14,6,0
Supply Chain & Dependencies,Malicious Dependency,15,25.0%,0.4%,93.3%,14,1,0
Supply Chain & Dependencies,Package Integrity,10,16.7%,0.3%,80.0%,8,2,0
Supply Chain & Dependencies,Missing Sbom,5,8.3%,0.1%,80.0%,4,1,0
Supply Chain & Dependencies,Outdated Dependencies,5,8.3%,0.1%,80.0%,4,1,0
Supply Chain & Dependencies,Missing Vulnerability Scan,5,8.3%,0.1%,100.0%,5,0,0
Advanced Memory Issues,Null Pointer,16,27.6%,0.4%,100.0%,16,0,0
Advanced Memory Issues,Unsafe Code,16,27.6%,0.4%,43.8%,7,9,0
Advanced Memory Issues,Memory Safety,16,27.6%,0.4%,68.8%,11,5,0
Advanced Memory Issues,Memory Corruption,5,8.6%,0.1%,80.0%,4,1,0
Advanced Memory Issues,Stack Overflow,5,8.6%,0.1%,100.0%,5,0,0
Gaming & Anti-Cheat,Game Auth Bypass,5,10.0%,0.1%,80.0%,4,1,0
Gaming & Anti-Cheat,Game Item Duplication,5,10.0%,0.1%,40.0%,2,3,0
Gaming & Anti-Cheat,Game Privilege Escalation,5,10.0%,0.1%,100.0%,5,0,0
Gaming & Anti-Cheat,Game Packet Injection,5,10.0%,0.1%,100.0%,5,0,0
Gaming & Anti-Cheat,Game Replay Attack,5,10.0%,0.1%,80.0%,4,1,0
Gaming & Anti-Cheat,Game Ddos Amplification,5,10.0%,0.1%,100.0%,5,0,0
Gaming & Anti-Cheat,Game Memory Manipulation,5,10.0%,0.1%,100.0%,5,0,0
Gaming & Anti-Cheat,Game Speed Hack,5,10.0%,0.1%,100.0%,5,0,0
Gaming & Anti-Cheat,Game Wallhack,5,10.0%,0.1%,80.0%,4,1,0
Gaming & Anti-Cheat,Game Bot Detection Bypass,5,10.0%,0.1%,100.0%,5,0,0
IoT & Embedded Systems,Insecure Firmware Update,5,12.5%,0.1%,80.0%,4,1,0
IoT & Embedded Systems,Debug Interface,5,12.5%,0.1%,80.0%,4,1,0
IoT & Embedded Systems,Insecure Mqtt,5,12.5%,0.1%,20.0%,1,4,0
IoT & Embedded Systems,Insecure Ble,5,12.5%,0.1%,80.0%,4,1,0
IoT & Embedded Systems,Insecure Coap,5,12.5%,0.1%,60.0%,3,2,0
IoT & Embedded Systems,Insecure Zigbee,5,12.5%,0.1%,100.0%,5,0,0
IoT & Embedded Systems,Insecure Bootloader,5,12.5%,0.1%,100.0%,5,0,0
IoT & Embedded Systems,Side Channel,5,12.5%,0.1%,60.0%,3,2,0
