Model,Provider,Classification,Baseline (L0),Level 1,Level 2,Level 3,Level 4,Level 5,Optimal Level,Optimal Score,Change from Baseline,Worst Level,Worst Score,Worst Change,Recommendation
claude-sonnet-4-5,Anthropic,Highly Responsive,55.3%,59.1%,58.2%,60.7%,59.8%,61.9%,L5,61.9%,+6.5pp,L2,58.2%,+2.8pp,Use Level 5 — maximum security emphasis
claude-opus-4-6,Anthropic,Highly Responsive,55.9%,61.7%,59.9%,60.5%,61.8%,61.4%,L4,61.8%,+5.9pp,L2,59.9%,+4.0pp,Use Level 4 — optimal security emphasis
gpt-4o-mini,OpenAI,Responsive,54.1%,51.1%,54.2%,54.5%,59.0%,54.2%,L4,59.0%,+4.9pp,L1,51.1%,-3.1pp,Use Level 4 — optimal security emphasis
qwen3-coder_30b,Ollama,Responsive,55.6%,54.6%,55.6%,56.8%,58.6%,56.4%,L4,58.6%,+3.0pp,L1,54.6%,-1.0pp,Use Level 4 — optimal security emphasis
gpt-4o,OpenAI,Responsive,56.8%,55.0%,55.8%,56.2%,59.0%,57.8%,L4,59.0%,+2.2pp,L1,55.0%,-1.8pp,Use Level 4 — optimal security emphasis
llama3.1,Ollama,Minimally Responsive,56.3%,51.0%,53.3%,53.9%,56.8%,53.5%,L4,56.8%,+0.5pp,L1,51.0%,-5.3pp,Use baseline (L0) — Level 4 provides minimal benefit (+0.5pp)
qwen2.5-coder,Ollama,Non-Responsive,57.0%,51.8%,54.1%,55.2%,56.3%,54.0%,L4,56.3%,-0.8pp,L1,51.8%,-5.3pp,Use baseline (L0) — security prompting degrades performance
deepseek-coder,Ollama,Non-Responsive,61.5%,58.2%,58.2%,57.9%,59.5%,60.5%,L5,60.5%,-1.0pp,L3,57.9%,-3.6pp,Use baseline (L0) — security prompting degrades performance
codellama,Ollama,Non-Responsive,60.3%,53.9%,54.5%,55.2%,56.0%,53.6%,L4,56.0%,-4.3pp,L5,53.6%,-6.8pp,Use baseline (L0) — security prompting degrades performance
