Model,Provider,Level 0 (Baseline),Level 1 (Minimal),Level 2 (Brief),Level 3 (Principles),Level 4 (Prescriptive),Level 5 (Self-Review),Category,Min,Max,Variation,Optimal Level
deepseek-coder,Ollama,61.5%,58.2%,58.2%,57.9%,59.5%,60.5%,Strong Model,57.9%,61.5%,3.6pp,L5
codellama,Ollama,60.3%,53.9%,54.5%,55.2%,56.0%,53.6%,Strong Model,53.6%,60.3%,6.8pp,L4
qwen2.5-coder,Ollama,57.0%,51.8%,54.1%,55.2%,56.3%,54.0%,Boundary Model,51.8%,57.0%,5.3pp,L4
gpt-4o,OpenAI,56.8%,55.0%,55.8%,56.2%,59.0%,57.8%,Boundary Model,55.0%,59.0%,4.0pp,L4
llama3.1,Ollama,56.3%,51.0%,53.3%,53.9%,56.8%,53.5%,Boundary Model,51.0%,56.8%,5.8pp,L4
claude-opus-4-6,Anthropic,55.9%,61.7%,59.9%,60.5%,61.8%,61.4%,Boundary Model,55.9%,61.8%,5.9pp,L4
qwen3-coder_30b,Ollama,55.6%,54.6%,55.6%,56.8%,58.6%,56.4%,Boundary Model,54.6%,58.6%,4.0pp,L4
claude-sonnet-4-5,Anthropic,55.3%,59.1%,58.2%,60.7%,59.8%,61.9%,Boundary Model,55.3%,61.9%,6.5pp,L5
gpt-4o-mini,OpenAI,54.1%,51.1%,54.2%,54.5%,59.0%,54.2%,Weak Model,51.1%,59.0%,8.0pp,L4
